filename,command,timestamp
1010_speech_true_Radio_an,Fernseher aus,11.45
1011_speech_true_Fernseher_an,Schraube aus,0.875
1011_speech_true_Fernseher_an,Spiegel an,14.525
1012_speech_true_Heizung_aus,Alarm aus,4.55
1012_speech_true_Heizung_aus,Spiegel aus,10.1
1013_speech_true_Alarm_an,Schraube aus,8.45
1014_speech_true_Licht_aus,Alarm aus,4.95
1014_speech_true_Licht_aus,Schraube aus,7.9
1014_speech_true_Licht_aus,Fernseher aus,11.25
1016_speech_true_Ofen_an,Spiegel aus,2.65
1016_speech_true_Ofen_an,Schraube aus,5.375
1016_speech_true_Ofen_an,Staubsauger aus,13.3
1017_speech_false_Staubsauger_aus,Fernseher aus,10.975
102_speech_true_Licht_aus_Alarm_an,wunderbar aus,7.225
1036_speech_false_Licht_aus,Alarm aus,2.3
1039_speech_false_Heizung_an,Spiegel an,14.7
1039_speech_false_Heizung_an,wunderbar aus,20.15
1042_speech_false_Radio_an_Staubsauger_aus,Alarm aus,0.575
1042_speech_false_Radio_an_Staubsauger_aus,Alarm aus,17.825
1044_speech_false_L�ftung_aus_Heizung_an,Fernseher aus,11.775
104_speech_false_Heizung_an_Staubsauger_an,warm an,4.0
104_speech_false_Heizung_an_Staubsauger_an,warm aus,10.175
104_speech_false_Heizung_an_Staubsauger_an,wunderbar an,16.425
1058_speech_true_Licht_an_Licht_aus,Schraube an,9.775
1058_speech_true_Licht_an_Licht_aus,Fernseher aus,18.975
1058_speech_true_Licht_an_Licht_aus,Alarm aus,21.2
1060_speech_false_Alarm_aus_Licht_an,Alarm aus,7.825
1062_speech_true_Ofen_aus_Alarm_an,Spiegel an,4.125
1062_speech_true_Ofen_aus_Alarm_an,Alarm aus,11.025
1070_speech_true_Licht_an_Licht_aus_Licht_an_Licht_aus,Fernseher aus,1.8
1070_speech_true_Licht_an_Licht_aus_Licht_an_Licht_aus,kann aus,4.575
1070_speech_true_Licht_an_Licht_aus_Licht_an_Licht_aus,Spiegel aus,7.425
1071_speech_true_Ofen_aus_Radio_aus_L�ftung_an,Spiegel aus,3.55
1071_speech_true_Ofen_aus_Radio_aus_L�ftung_an,offen aus,7.05
1071_speech_true_Ofen_aus_Radio_aus_L�ftung_an,Staubsauger aus,10.125
1072_speech_false_Heizung_an,kann aus,9.2
1077_speech_true_Staubsauger_aus_Alarm_aus,kann an,1.9
1077_speech_true_Staubsauger_aus_Alarm_aus,Alarm aus,5.625
1080_speech_true_L�ftung_an,kann an,7.5
1086_speech_false_Licht_aus_Alarm_an,Alarm aus,17.875
1086_speech_false_Licht_aus_Alarm_an,Alarm aus,21.7
108_speech_true_Licht_aus,Schraube aus,4.825
1097_speech_false_Radio_aus_Licht_aus,Schraube aus,5.5
1099_speech_true_Ofen_aus,Staubsauger aus,9.85
1101_speech_false_Heizung_an,Schraube aus,0.325
1101_speech_false_Heizung_an,Spiegel aus,3.9
1102_speech_false_Licht_aus,Schraube aus,13.7
1115_speech_true_Fernseher_an,Spiegel aus,1.7
1115_speech_true_Fernseher_an,Spiegel aus,3.975
1115_speech_true_Fernseher_an,Schraube aus,7.45
1115_speech_true_Fernseher_an,Schraube aus,10.425
1117_speech_false_Heizung_aus,offen aus,5.375
1119_speech_false_L�ftung_aus,Radio aus,4.925
1120_speech_true_Ofen_an,kann aus,3.4
1120_speech_true_Ofen_an,Alarm aus,8.4
1122_speech_false_Alarm_aus,Alarm aus,3.55
1122_speech_false_Alarm_aus,Alarm an,7.625
1124_speech_false_Radio_aus_Staubsauger_aus,Radio aus,8.8
1127_speech_false_Licht_aus_Radio_an,Spiegel an,3.375
1127_speech_false_Licht_aus_Radio_an,Fernseher aus,9.975
1128_speech_false_L�ftung_an,Schraube aus,0.8
1131_speech_true_Radio_aus_L�ftung_aus,Spiegel aus,9.125
1132_speech_false_Alarm_an,Schraube an,4.95
1132_speech_false_Alarm_an,Schraube aus,15.075
1132_speech_false_Alarm_an,Staubsauger aus,18.525
1135_speech_true_Ofen_an_Alarm_aus,kann aus,0.725
1137_speech_true_Alarm_an,Schraube aus,4.75
1138_speech_false_Staubsauger_aus,Radio aus,7.55
1145_speech_true_Alarm_an_Radio_aus,Alarm aus,2.725
1145_speech_true_Alarm_an_Radio_aus,Alarm aus,5.6
1145_speech_true_Alarm_an_Radio_aus,kann aus,9.025
1146_speech_true_Fernseher_an_Heizung_an,Spiegel aus,1.775
1146_speech_true_Fernseher_an_Heizung_an,offen an,4.65
1146_speech_true_Fernseher_an_Heizung_an,Spiegel an,7.625
1148_speech_true_Ofen_aus_Radio_aus_Staubsauger_aus,Schraube aus,6.0
1148_speech_true_Ofen_aus_Radio_aus_Staubsauger_aus,Schraube aus,10.15
1149_speech_true_Ofen_an_Radio_an,kann aus,4.025
1149_speech_true_Ofen_an_Radio_an,Schraube aus,6.475
1149_speech_true_Ofen_an_Radio_an an aus,10.125
1161_speech_false_Alarm_an_Radio_aus,Alarm aus,4.675
1162_speech_false_Ofen_aus_Staubsauger_an,wunderbar aus,10.45
1162_speech_false_Ofen_aus_Staubsauger_an,wunderbar aus,13.425
1163_speech_true_Alarm_aus,Fernseher aus,10.475
1164_speech_true_Radio_an,Alarm aus,0.775
1164_speech_true_Radio_an,Alarm aus,11.25
1165_speech_false_Fernseher_an,Fernseher an,9.025
1168_speech_true_Fernseher_aus_Licht_aus,Alarm aus,9.625
1172_speech_false_Radio_aus_Staubsauger_an,Spiegel aus,7.125
1173_speech_true_Alarm_an_Radio_aus,kann an,7.65
1175_speech_false_L�ftung_an,wunderbar aus,2.575
1175_speech_false_L�ftung_an,Schraube aus,11.225
1178_speech_true_Fernseher_an_L�ftung_aus,Spiegel aus,12.125
1183_speech_false_Heizung_aus_L�ftung_an,Alarm aus,8.35
1185_speech_false_Alarm_aus_Licht_an,Fernseher aus,13.825
1186_speech_false_Radio_an an an,4.3
1188_speech_true_Ofen_an,Schraube aus,5.4
1188_speech_true_Ofen_an,Schraube an,8.725
1188_speech_true_Ofen_an,Spiegel an,13.0
1194_speech_true_Licht_an,Spiegel aus,1.625
1195_speech_true_Fernseher_aus_Licht_aus,Alarm aus,11.1
1196_speech_true_Ofen_an,Spiegel an,2.025
1198_speech_true_L�ftung_an,Leitung aus,1.2
1199_speech_true_Radio_aus_Ofen_aus,Alarm aus,3.275
120_speech_true_Licht_an,Radio an,12.5
120_speech_true_Licht_an,Alarm aus,16.2
120_speech_true_Licht_an,kann an,18.85
1217_speech_false_Ofen_aus,Spiegel aus,1.1
1219_speech_true_Radio_an,Schraube aus,0.65
121_speech_true_Heizung_an,Spiegel aus,7.975
121_speech_true_Heizung_an,kann an,10.275
121_speech_true_Heizung_an,Schraube aus,15.775
1232_speech_true_Radio_aus,Staubsauger aus,4.6
1232_speech_true_Radio_aus,wunderbar aus,7.55
1232_speech_true_Radio_aus,Schraube aus,11.725
1233_speech_false_Alarm_an_Fernseher_aus_Radio_aus_L�ftung_an_Heizung_aus,Alarm aus,0.525
1233_speech_false_Alarm_an_Fernseher_aus_Radio_aus_L�ftung_an_Heizung_aus,Fernseher aus,3.775
1233_speech_false_Alarm_an_Fernseher_aus_Radio_aus_L�ftung_an_Heizung_aus,Schraube aus,7.2
1233_speech_false_Alarm_an_Fernseher_aus_Radio_aus_L�ftung_an_Heizung_aus,Schraube aus,10.7
1233_speech_false_Alarm_an_Fernseher_aus_Radio_aus_L�ftung_an_Heizung_aus,Fernseher aus,13.975
1237_speech_false_Alarm_aus_Radio_an_Fernseher_aus_Licht_an_L�ftung_aus_Staubsauger_an_Heizung_aus,Alarm aus,0.325
1237_speech_false_Alarm_aus_Radio_an_Fernseher_aus_Licht_an_L�ftung_aus_Staubsauger_an_Heizung_aus,Schraube aus,3.525
1237_speech_false_Alarm_aus_Radio_an_Fernseher_aus_Licht_an_L�ftung_aus_Staubsauger_an_Heizung_aus,Schraube aus,6.625
1237_speech_false_Alarm_aus_Radio_an_Fernseher_aus_Licht_an_L�ftung_aus_Staubsauger_an_Heizung_aus,warm aus,9.55
1237_speech_false_Alarm_aus_Radio_an_Fernseher_aus_Licht_an_L�ftung_aus_Staubsauger_an_Heizung_aus,Schraube aus,12.875
1237_speech_false_Alarm_aus_Radio_an_Fernseher_aus_Licht_an_L�ftung_aus_Staubsauger_an_Heizung_aus,Fernseher aus,16.375
1239_speech_true_Heizung_aus_L�ftung_an,Schraube aus,0.675
1239_speech_true_Heizung_aus_L�ftung_an,Fernseher aus,6.575
1239_speech_true_Heizung_aus_L�ftung_an an aus,9.75
123_speech_true_Fernseher_an,Fernseher aus,1.1
123_speech_true_Fernseher_an,offen aus,7.05
123_speech_true_Fernseher_an,wunderbar aus,15.275
124_speech_true_L�ftung_aus,warm aus,1.5
124_speech_true_L�ftung_aus,Radio aus,8.675
124_speech_true_L�ftung_aus,offen an,11.525
1255_speech_false_Licht_aus_Fernseher_an,Schraube aus,4.05
1255_speech_false_Licht_aus_Fernseher_an,Alarm aus,6.375
1256_speech_true_Staubsauger_an_Licht_aus,kann aus,6.6
1256_speech_true_Staubsauger_an_Licht_aus,wunderbar aus,17.225
1256_speech_true_Staubsauger_an_Licht_aus,Fernseher aus,25.175
1256_speech_true_Staubsauger_an_Licht_aus,Schraube aus,28.2
1257_speech_true_Heizung_an an aus,7.825
1257_speech_true_Heizung_an,Alarm aus,11.45
1258_speech_false_Radio_aus_Alarm_an,Alarm aus,2.425
1258_speech_false_Radio_aus_Alarm_an,Alarm aus,6.725
1260_speech_false_L�ftung_an_Ofen_aus,Alarm aus,3.55
126_speech_true_Staubsauger_an_Radio_aus,Fernseher aus,8.55
126_speech_true_Staubsauger_an_Radio_aus,warm an,10.95
126_speech_true_Staubsauger_an_Radio_aus,Schraube aus,13.775
1276_speech_false_Licht_aus,Fernseher aus,9.075
1277_speech_true_L�ftung_an,Staubsauger aus,2.4
1277_speech_true_L�ftung_an,Spiegel an,7.625
1286_speech_false_Fernseher_an,Alarm aus,0.35
128_speech_true_Alarm_an,Radio aus,8.8
128_speech_true_Alarm_an,Alarm aus,13.175
1293_speech_true_Radio_an,Schraube aus,0.725
129_speech_false_Heizung_aus_Licht_aus,warm aus,1.775
129_speech_false_Heizung_aus_Licht_aus,Alarm aus,6.1
129_speech_false_Heizung_aus_Licht_aus,Alarm aus,11.475
129_speech_false_Heizung_aus_Licht_aus,Radio aus,18.775
129_speech_false_Heizung_aus_Licht_aus,Alarm aus,22.375
1306_speech_true_Staubsauger_aus_Fernseher_an,Spiegel aus,9.2
1307_speech_true_Radio_an_Radio_aus,Schraube aus,5.25
1307_speech_true_Radio_an_Radio_aus,kann an,8.15
1309_speech_false_Fernseher_aus_Radio_aus_Alarm_an,Alarm aus,15.0
1309_speech_false_Fernseher_aus_Radio_aus_Alarm_an,kann an,17.5
130_speech_true_Licht_aus,Spiegel an,6.725
130_speech_true_Licht_aus,Alarm aus,12.5
1313_speech_true_Staubsauger_an_Alarm_an,Radio aus,7.3
1313_speech_true_Staubsauger_an_Alarm_an,Haus aus,10.725
1314_speech_true_Heizung_aus,Spiegel aus,8.725
1317_speech_false_Heizung_aus_Ofen_aus,kann an,6.75
1322_speech_false_Radio_an_Licht_an,warm an,10.425
1322_speech_false_Radio_an_Licht_an,kann an,13.3
1323_speech_true_Heizung_an,Spiegel an,3.15
1323_speech_true_Heizung_an,Spiegel aus,6.025
1323_speech_true_Heizung_an,Leitung aus,11.95
1324_speech_false_L�ftung_aus_Fernseher_an,Spiegel aus,10.75
1324_speech_false_L�ftung_aus_Fernseher_an,Schraube aus,15.725
1324_speech_false_L�ftung_aus_Fernseher_an,Schraube aus,18.65
1328_speech_true_Licht_aus_Heizung_aus,Spiegel aus,1.85
1328_speech_true_Licht_aus_Heizung_aus,Spiegel aus,6.375
1328_speech_true_Licht_aus_Heizung_aus,kann an,10.7
1328_speech_true_Licht_aus_Heizung_aus an an,13.65
1330_speech_false_Heizung_an,kann aus,2.275
1330_speech_false_Heizung_an,Fernseher aus,9.025
1330_speech_false_Heizung_an,Spiegel an,12.725
1332_speech_false_Licht_aus_L�ftung_aus,Spiegel aus,5.375
1351_speech_false_Alarm_aus,Fernseher an,12.475
1357_speech_false_Ofen_aus,kann an,0.375
135_speech_true_Ofen_an_Radio_an,Alarm aus,11.175
1360_speech_false_Fernseher_an_Licht_aus,Fernseher an,12.825
1360_speech_false_Fernseher_an_Licht_aus,Schraube an,15.625
1363_speech_true_Licht_an_Fernseher_an,Schraube aus,0.95
1363_speech_true_Licht_an_Fernseher_an,Alarm aus,3.3
1363_speech_true_Licht_an_Fernseher_an,kann an,15.275
1364_speech_true_Fernseher_aus,Alarm aus,14.45
1365_speech_false_Alarm_aus,Spiegel aus,14.075
1365_speech_false_Alarm_aus,Staubsauger aus,20.275
1367_speech_true_Staubsauger_an_Ofen_an,Fernseher aus,2.175
1367_speech_true_Staubsauger_an_Ofen_an,offen aus,5.35
1367_speech_true_Staubsauger_an_Ofen_an,kann aus,7.575
1367_speech_true_Staubsauger_an_Ofen_an,Alarm aus,12.925
1367_speech_true_Staubsauger_an_Ofen_an,Schraube aus,19.575
1368_speech_false_Radio_aus_Staubsauger_aus,kann aus,1.025
1368_speech_false_Radio_aus_Staubsauger_aus,warm aus,8.625
1369_speech_false_Radio_an,Spiegel aus,0.35
1369_speech_false_Radio_an an an,9.175
1369_speech_false_Radio_an,Spiegel aus,12.825
1373_speech_true_L�ftung_an,Schraube aus,3.425
1373_speech_true_L�ftung_an,Fernseher aus,6.15
1373_speech_true_L�ftung_an,Radio an,16.4
1373_speech_true_L�ftung_an,Schraube aus,21.025
1380_speech_false_Staubsauger_an,kann aus,4.55
1380_speech_false_Staubsauger_an,wunderbar an,8.65
1382_speech_false_Ofen_aus,Schraube aus,3.25
1383_speech_false_Alarm_an,Alarm aus,11.9
1386_speech_false_Heizung_aus,Spiegel aus,5.3
1390_speech_false_Ofen_an,Alarm aus,14.4
1392_speech_false_Radio_aus_Fernseher_an,Schraube aus,1.175
1392_speech_false_Radio_aus_Fernseher_an,Schraube aus,5.125
1392_speech_false_Radio_aus_Fernseher_an,Fernseher an,8.775
1394_speech_true_Heizung_aus,Schraube aus,4.325
1394_speech_true_Heizung_aus,wunderbar aus,8.15
1397_speech_false_Fernseher_aus_Radio_an,Fernseher aus,5.075
1397_speech_false_Fernseher_aus_Radio_an,Fernseher aus,10.3
1399_speech_true_Licht_an,Spiegel aus,6.5
1400_speech_true_Radio_an,Schraube aus,5.25
1400_speech_true_Radio_an,Schraube aus,21.575
1401_speech_false_Staubsauger_aus,Schraube aus,1.925
1401_speech_false_Staubsauger_aus,Alarm aus,14.5
1406_speech_true_Fernseher_an,Spiegel aus,2.8
1407_speech_true_Heizung_an,Fernseher aus,12.15
1409_speech_true_Licht_an,Schraube aus,4.875
1409_speech_true_Licht_an,Alarm aus,9.5
140_speech_true_Fernseher_an,Schraube aus,7.375
1410_speech_false_Alarm_an,Schraube aus,1.825
1412_speech_false_Radio_aus,Alarm aus,3.075
141_speech_true_Radio_an,Schraube aus,10.75
1429_speech_true_Licht_an,Fernseher aus,6.325
1431_speech_true_Alarm_an,kann an,7.525
1434_speech_true_Ofen_aus,Schraube aus,5.525
1434_speech_true_Ofen_aus,Staubsauger an,8.675
1439_speech_true_Radio_aus,Spiegel an,4.275
1440_speech_true_Alarm_an,Alarm aus,4.125
1440_speech_true_Alarm_an,kann an,15.35
1441_speech_false_Ofen_an,Alarm aus,10.775
1441_speech_false_Ofen_an,Staubsauger aus,14.85
1442_speech_false_Staubsauger_an,Alarm aus,6.2
1442_speech_false_Staubsauger_an,Staubsauger aus,10.3
1442_speech_false_Staubsauger_an,Staubsauger aus,14.15
1443_speech_true_Alarm_aus_Licht_aus,wunderbar aus,7.45
1443_speech_true_Alarm_aus_Licht_aus,Spiegel aus,11.5
1443_speech_true_Alarm_aus_Licht_aus,Staubsauger aus,14.6
1444_speech_true_Heizung_aus,Schraube an,1.5
1444_speech_true_Heizung_aus,Spiegel aus,10.225
1444_speech_true_Heizung_aus,Radio aus,12.575
1444_speech_true_Heizung_aus,Alarm aus,16.275
1445_speech_false_L�ftung_aus,Spiegel aus,2.575
1445_speech_false_L�ftung_aus,Staubsauger aus,6.125
1445_speech_false_L�ftung_aus,Spiegel an,10.45
1446_speech_true_Heizung_an,Alarm aus,3.95
1447_speech_true_Fernseher_aus,kann an,7.2
1449_speech_true_Licht_an,kann an,6.2
1468_speech_false_Alarm_an_Licht_aus_Heizung_aus,kann an,3.975
1468_speech_false_Alarm_an_Licht_aus_Heizung_aus,Schraube aus,19.425
146_speech_false_Ofen_an,Schraube aus,8.4
1470_speech_true_Alarm_aus_Fernseher_an,Spiegel an,7.025
1470_speech_true_Alarm_aus_Fernseher_an,Fernseher aus,11.9
1471_speech_false_L�ftung_aus,Schraube an,4.925
1471_speech_false_L�ftung_aus,Fernseher aus,8.425
1472_speech_false_Staubsauger_aus_Staubsauger_an,Radio an,10.35
1473_speech_false_Licht_aus_Licht_an_Licht_aus_Licht_an_Licht_aus,Spiegel aus,1.65
1473_speech_false_Licht_aus_Licht_an_Licht_aus_Licht_an_Licht_aus,Spiegel aus,4.875
1475_speech_true_Radio_an,Alarm aus,8.425
1477_speech_true_Alarm_an_Heizung_an,Fernseher aus,10.025
1477_speech_true_Alarm_an_Heizung_an,Fernseher aus,15.05
1477_speech_true_Alarm_an_Heizung_an,Spiegel an,19.05
1477_speech_true_Alarm_an_Heizung_an,Schraube aus,23.0
1478_speech_true_Ofen_an,Alarm aus,9.475
1485_speech_false_Licht_aus_Radio_an,Schraube an,1.225
1485_speech_false_Licht_aus_Radio_an,Alarm aus,5.625
1485_speech_false_Licht_aus_Radio_an,kann an,8.6
1486_speech_false_L�ftung_aus_Ofen_an,Alarm aus,9.475
1487_speech_true_Heizung_aus_Alarm_an,Alarm aus,5.55
1487_speech_true_Heizung_aus_Alarm_an,Alarm aus,10.85
1491_speech_true_Licht_an_Ofen_an_Licht_aus_Heizung_an,Schraube aus,6.175
1491_speech_true_Licht_an_Ofen_an_Licht_aus_Heizung_an,Spiegel aus,10.3
1491_speech_true_Licht_an_Ofen_an_Licht_aus_Heizung_an,Staubsauger aus,13.325
1491_speech_true_Licht_an_Ofen_an_Licht_aus_Heizung_an,Schraube aus,16.95
1491_speech_true_Licht_an_Ofen_an_Licht_aus_Heizung_an an aus,20.375
1492_speech_false_L�ftung_aus_Fernseher_an_Radio_aus_Staubsauger_aus,Fernseher aus,1.425
1492_speech_false_L�ftung_aus_Fernseher_an_Radio_aus_Staubsauger_aus,Fernseher an,4.625
1492_speech_false_L�ftung_aus_Fernseher_an_Radio_aus_Staubsauger_aus,Schraube aus,7.425
1492_speech_false_L�ftung_aus_Fernseher_an_Radio_aus_Staubsauger_aus,Schraube an,10.7
1493_speech_true_Staubsauger_an_Radio_aus_Alarm_an_Fernseher_aus,Schraube aus,4.225
1493_speech_true_Staubsauger_an_Radio_aus_Alarm_an_Fernseher_aus,Schraube an,6.45
1493_speech_true_Staubsauger_an_Radio_aus_Alarm_an_Fernseher_aus,Alarm aus,10.775
1493_speech_true_Staubsauger_an_Radio_aus_Alarm_an_Fernseher_aus,offen aus,13.0
1493_speech_true_Staubsauger_an_Radio_aus_Alarm_an_Fernseher_aus,Fernseher aus,15.575
1493_speech_true_Staubsauger_an_Radio_aus_Alarm_an_Fernseher_aus,Radio aus,19.175
1493_speech_true_Staubsauger_an_Radio_aus_Alarm_an_Fernseher_aus an aus,21.55
1494_speech_false_Alarm_aus_Radio_an_L�ftung_aus_Staubsauger_aus,Alarm aus,1.6
1494_speech_false_Alarm_aus_Radio_an_L�ftung_aus_Staubsauger_aus,Fernseher aus,4.5
1494_speech_false_Alarm_aus_Radio_an_L�ftung_aus_Staubsauger_aus,Fernseher aus,7.325
1494_speech_false_Alarm_aus_Radio_an_L�ftung_aus_Staubsauger_aus,Staubsauger aus,10.125
1496_speech_true_Staubsauger_an_L�ftung_aus an an,1.05
1496_speech_true_Staubsauger_an_L�ftung_aus,wunderbar aus,5.1
1496_speech_true_Staubsauger_an_L�ftung_aus,Schraube aus,12.65
1500_speech_true_Radio_aus,Schraube an,9.95
1503_speech_true_Heizung_aus_Alarm_aus,kann aus,4.475
1503_speech_true_Heizung_aus_Alarm_aus,Staubsauger aus,7.025
1503_speech_true_Heizung_aus_Alarm_aus an aus,9.75
1503_speech_true_Heizung_aus_Alarm_aus,offen an,12.5
1504_speech_false_Staubsauger_an,L�ftung an,7.5
1509_speech_true_Staubsauger_an_Alarm_an,Alarm aus,6.825
1509_speech_true_Staubsauger_an_Alarm_an,Schraube an,9.125
1511_speech_true_Licht_aus_L�ftung_an,Fernseher aus,5.0
1517_speech_false_Alarm_aus,offen aus,5.075
1517_speech_false_Alarm_aus,Alarm aus,14.875
1518_speech_true_Ofen_an,Spiegel an,2.9
1518_speech_true_Ofen_an an an,6.85
1519_speech_true_Staubsauger_aus an aus,9.225
1520_speech_false_L�ftung_an_Ofen_aus,Fernseher aus,17.125
1521_speech_false_Licht_an_Staubsauger_an_Staubsauger_aus_Licht_aus,Staubsauger an,5.6
1521_speech_false_Licht_an_Staubsauger_an_Staubsauger_aus_Licht_aus,Alarm aus,22.475
1522_speech_false_Alarm_aus_Licht_an_Heizung_an,Schraube aus,1.175
1522_speech_false_Alarm_aus_Licht_an_Heizung_an,Alarm aus,3.5
1522_speech_false_Alarm_aus_Licht_an_Heizung_an,Spiegel aus,8.3
1522_speech_false_Alarm_aus_Licht_an_Heizung_an,Staubsauger an,12.8
1522_speech_false_Alarm_aus_Licht_an_Heizung_an,Schraube aus,17.775
1522_speech_false_Alarm_aus_Licht_an_Heizung_an,Staubsauger an,21.475
1522_speech_false_Alarm_aus_Licht_an_Heizung_an,kann an,24.1
1523_speech_false_Fernseher_aus_Heizung_aus_Alarm_an_Licht_aus,Radio aus,5.375
1523_speech_false_Fernseher_aus_Heizung_aus_Alarm_an_Licht_aus,Fernseher aus,11.475
1523_speech_false_Fernseher_aus_Heizung_aus_Alarm_an_Licht_aus,Alarm aus,16.675
1523_speech_false_Fernseher_aus_Heizung_aus_Alarm_an_Licht_aus,Spiegel aus,20.875
1523_speech_false_Fernseher_aus_Heizung_aus_Alarm_an_Licht_aus,Radio aus,23.775
1524_speech_false_L�ftung_aus_Radio_an,Schraube aus,1.6
1524_speech_false_L�ftung_aus_Radio_an,Radio aus,8.35
1524_speech_false_L�ftung_aus_Radio_an,Schraube aus,14.625
1525_speech_false_Licht_aus_Fernseher_an,Spiegel aus,15.575
1526_speech_false_Ofen_an,Alarm aus,10.6
1526_speech_false_Ofen_an,Schraube an,17.4
1526_speech_false_Ofen_an,Alarm aus,20.7
1527_speech_false_Alarm_aus_Licht_an,Alarm aus,8.225
1527_speech_false_Alarm_aus_Licht_an,Alarm aus,15.25
1553_speech_false_Alarm_aus_Radio_aus,kann aus,0.325
1553_speech_false_Alarm_aus_Radio_aus,Alarm aus,3.575
1553_speech_false_Alarm_aus_Radio_aus,Schraube aus,6.075
1553_speech_false_Alarm_aus_Radio_aus,Schraube aus,8.45
1553_speech_false_Alarm_aus_Radio_aus,Schraube aus,22.3
1553_speech_false_Alarm_aus_Radio_aus,Fernseher aus,24.825
1554_speech_true_Heizung_aus_Licht_an_L�ftung_aus_Radio_an,kann an,2.725
1554_speech_true_Heizung_aus_Licht_an_L�ftung_aus_Radio_an,Alarm aus,8.725
1554_speech_true_Heizung_aus_Licht_an_L�ftung_aus_Radio_an,Schraube aus,11.375
1554_speech_true_Heizung_aus_Licht_an_L�ftung_aus_Radio_an,Alarm aus,14.875
1554_speech_true_Heizung_aus_Licht_an_L�ftung_aus_Radio_an,Alarm aus,20.525
1555_speech_true_Ofen_an_Licht_an,Staubsauger aus,14.825
1557_speech_false_Staubsauger_an,Schraube aus,1.25
1557_speech_false_Staubsauger_an,Radio aus,4.425
1557_speech_false_Staubsauger_an,Spiegel an,9.425
1558_speech_false_Staubsauger_aus_Licht_an_Alarm_an,Schraube aus,15.275
1559_speech_true_Licht_aus_Radio_aus_Alarm_an_Ofen_aus,Alarm aus,0.65
1559_speech_true_Licht_aus_Radio_aus_Alarm_an_Ofen_aus,Fernseher aus,6.175
1559_speech_true_Licht_aus_Radio_aus_Alarm_an_Ofen_aus,Schraube aus,10.65
1559_speech_true_Licht_aus_Radio_aus_Alarm_an_Ofen_aus,Alarm aus,14.0
1559_speech_true_Licht_aus_Radio_aus_Alarm_an_Ofen_aus,warm an,17.125
1559_speech_true_Licht_aus_Radio_aus_Alarm_an_Ofen_aus,Alarm aus,23.8
1562_speech_false_Fernseher_an_Heizung_aus,Schraube an,3.5
1562_speech_false_Fernseher_an_Heizung_aus,offen an,8.0
1562_speech_false_Fernseher_an_Heizung_aus,Fernseher aus,19.825
1563_speech_true_Heizung_aus_L�ftung_an,Fernseher aus,1.75
1563_speech_true_Heizung_aus_L�ftung_an,Schraube aus,18.75
1563_speech_true_Heizung_aus_L�ftung_an,Schraube aus,21.575
1564_speech_true_Licht_aus,kann aus,5.025
1564_speech_true_Licht_aus,Fernseher aus,9.425
1565_speech_true_Alarm_an,Schraube aus,3.8
1565_speech_true_Alarm_an,Alarm aus,20.85
1566_speech_false_Ofen_an,Alarm aus,6.85
1566_speech_false_Ofen_an,Alarm an,10.325
1566_speech_false_Ofen_an,Schraube aus,13.775
1568_speech_false_Staubsauger_aus,Staubsauger aus,12.15
1569_speech_true_Alarm_an_Ofen_aus_Radio_aus,Alarm aus,17.55
1569_speech_true_Alarm_an_Ofen_aus_Radio_aus,Schraube aus,20.05
1571_speech_true_Heizung_aus,Alarm aus,7.675
1572_speech_false_Licht_an,Schraube aus,1.925
1572_speech_false_Licht_an,Schraube aus,5.125
1575_speech_true_Ofen_aus,kann aus,8.125
1576_speech_true_Alarm_an,Schraube aus,0.825
1577_speech_false_Radio_an,Schraube aus,3.325
1579_speech_false_Staubsauger_aus,Schraube aus,2.625
1579_speech_false_Staubsauger_aus,Schraube aus,7.2
1590_speech_false_Licht_aus_Alarm_an,Schraube aus,2.4
1590_speech_false_Licht_aus_Alarm_an,Spiegel an,8.05
1594_speech_true_Staubsauger_aus,offen aus,6.675
1595_speech_true_Radio_an,Schraube an,7.6
1595_speech_true_Radio_an,Spiegel aus,10.4
1598_speech_false_Alarm_aus_Heizung_an,Spiegel aus,2.775
1598_speech_false_Alarm_aus_Heizung_an,Schraube an,5.875
1599_speech_true_Fernseher_aus,Fernseher aus,4.125
1599_speech_true_Fernseher_aus,wunderbar aus,7.825
1600_speech_false_Radio_aus_Licht_aus,Fernseher aus,12.725
1600_speech_false_Radio_aus_Licht_aus,Schraube aus,16.975
1602_speech_true_Staubsauger_an,Schraube aus,3.9
1605_speech_true_Radio_an_Radio_aus_Fernseher_an,Schraube aus,2.4
1605_speech_true_Radio_an_Radio_aus_Fernseher_an,Fernseher aus,19.45
1607_speech_false_L�ftung_an,kann an,1.525
1608_speech_false_Alarm_aus_Licht_an,Spiegel an,9.175
1608_speech_false_Alarm_aus_Licht_an,kann an,15.7
1608_speech_false_Alarm_aus_Licht_an,Schraube aus,18.0
1608_speech_false_Alarm_aus_Licht_an,kann aus,20.225
1626_speech_true_Radio_an_Licht_aus,Fernseher aus,3.675
1626_speech_true_Radio_an_Licht_aus,Schraube aus,5.9
1629_speech_true_Alarm_aus_Licht_aus,Staubsauger aus,4.3
1632_speech_false_Ofen_an_Alarm_an,wunderbar aus,3.025
1632_speech_false_Ofen_an_Alarm_an,Alarm aus,8.575
163_speech_true_Fernseher_aus_Licht_aus,kann aus,11.625
163_speech_true_Fernseher_aus_Licht_aus,kann aus,14.15
164_speech_true_Heizung_aus,Spiegel aus,2.675
164_speech_true_Heizung_aus,offen an,8.4
1650_speech_true_Licht_aus,Schraube aus,2.0
1651_speech_true_Fernseher_an_Licht_aus,Schraube aus,19.15
1651_speech_true_Fernseher_an_Licht_aus,Spiegel aus,21.375
1653_speech_false_Heizung_aus_Licht_an,kann an,0.375
1653_speech_false_Heizung_aus_Licht_an,Alarm aus,4.15
1653_speech_false_Heizung_aus_Licht_an,warm aus,14.65
1656_speech_false_Alarm_an_Ofen_aus,Schraube aus,2.75
1656_speech_false_Alarm_an_Ofen_aus,kann aus,8.85
1656_speech_false_Alarm_an_Ofen_aus,Schraube aus,14.0
1657_speech_false_Radio_aus_Ofen_aus,Alarm aus,4.85
1657_speech_false_Radio_aus_Ofen_aus,kann an,7.825
1657_speech_false_Radio_aus_Ofen_aus an aus,12.975
1657_speech_false_Radio_aus_Ofen_aus,Haus aus,16.1
1658_speech_false_Staubsauger_an,Fernseher aus,6.225
1658_speech_false_Staubsauger_an,Ofen an,9.75
1658_speech_false_Staubsauger_an,Staubsauger an,13.45
1658_speech_false_Staubsauger_an,kann aus,17.725
1659_speech_true_Radio_an,Schraube aus,7.575
165_speech_false_L�ftung_aus,Schraube aus,20.025
166_speech_true_Ofen_an_Radio_an,Schraube aus,7.575
166_speech_true_Ofen_an_Radio_an,kann an,10.225
1670_speech_false_Ofen_aus,Schraube an,2.025
1670_speech_false_Ofen_aus,Alarm aus,8.275
1672_speech_false_Alarm_aus_Radio_an,Alarm aus,7.125
1672_speech_false_Alarm_aus_Radio_an,Fernseher aus,12.725
1673_speech_true_Ofen_aus_Staubsauger_an,Schraube aus,9.05
1678_speech_false_Fernseher_an_Radio_aus,Alarm aus,6.3
1678_speech_false_Fernseher_an_Radio_aus,Schraube aus,12.4
1679_speech_true_Fernseher_aus_Alarm_an,Alarm aus,13.4
167_speech_false_Alarm_an,Spiegel aus,4.6
167_speech_false_Alarm_an,kann an,9.275
1683_speech_true_Heizung_an_L�ftung_aus,offen aus,1.425
1685_speech_false_Radio_an,kann aus,4.025
1687_speech_false_Radio_aus_Licht_an,Schraube aus,12.725
1687_speech_false_Radio_aus_Licht_an,Haus aus,18.325
1687_speech_false_Radio_aus_Licht_an,Spiegel an,24.9
1688_speech_true_Staubsauger_an_Alarm_an,Spiegel aus,6.0
1688_speech_true_Staubsauger_an_Alarm_an,Schraube aus,16.325
1689_speech_true_Ofen_aus,kann aus,10.525
1689_speech_true_Ofen_aus,Schraube aus,16.375
168_speech_true_Staubsauger_an,Schraube aus,4.425
1692_speech_true_Alarm_aus,Alarm aus,10.075
1693_speech_true_Heizung_an,Spiegel aus,4.975
1693_speech_true_Heizung_an,wunderbar aus,11.35
1694_speech_false_Fernseher_aus,Staubsauger aus,6.5
1697_speech_false_Heizung_an,kann an,8.825
1698_speech_false_Alarm_an_Radio_aus,Schraube aus,2.225
169_speech_false_Ofen_an_Radio_an an an,1.75
169_speech_false_Ofen_an_Radio_an,Spiegel an,4.125
169_speech_false_Ofen_an_Radio_an,Spiegel an,10.475
169_speech_false_Ofen_an_Radio_an,kann an,19.35
16_speech_true_Fernseher_an,Spiegel aus,3.3
16_speech_true_Fernseher_an,Alarm aus,6.225
1700_speech_true_Ofen_aus,Schraube an,1.175
1700_speech_true_Ofen_aus,Fernseher an,7.8
1702_speech_false_Alarm_aus_Ofen_an,Spiegel aus,2.075
1702_speech_false_Alarm_aus_Ofen_an,offen aus,4.9
1707_speech_false_Licht_aus,Spiegel aus,3.175
1707_speech_false_Licht_aus,Schraube an,8.025
1708_speech_true_Staubsauger_an,Schraube an,1.5
1713_speech_false_Fernseher_aus_Licht_aus,Fernseher aus,3.225
1713_speech_false_Fernseher_aus_Licht_aus,kann an,8.525
1714_speech_true_Alarm_aus,Staubsauger aus,1.15
1714_speech_true_Alarm_aus,warm an,3.525
1714_speech_true_Alarm_aus,Alarm aus,6.175
1717_speech_true_Heizung_an,Schraube aus,2.7
1717_speech_true_Heizung_an,Spiegel aus,10.425
1720_speech_false_Heizung_an_L�ftung_aus,Spiegel aus,10.05
1723_speech_false_Ofen_an_Alarm_an_Radio_aus,Staubsauger aus,6.275
1723_speech_false_Ofen_an_Alarm_an_Radio_aus,Schraube aus,10.975
1725_speech_true_Fernseher_aus,Alarm aus,0.25
1725_speech_true_Fernseher_aus,Spiegel aus,6.7
1725_speech_true_Fernseher_aus,Schraube aus,9.55
1728_speech_false_L�ftung_an,Schraube an,8.8
1731_speech_true_Alarm_an,Alarm aus,5.125
1733_speech_true_Radio_aus,Fernseher aus,0.875
1733_speech_true_Radio_aus,Fernseher aus,10.4
1734_speech_true_Staubsauger_aus,wunderbar aus,8.075
1737_speech_false_Radio_an,Fernseher aus,3.375
1740_speech_true_Heizung_an,offen an,7.35
174_speech_true_Licht_aus,Schraube aus,0.425
174_speech_true_Licht_aus,Spiegel aus,4.3
174_speech_true_Licht_aus,Spiegel aus,12.95
1750_speech_false_Ofen_an,wunderbar aus,0.9
1750_speech_false_Ofen_an,Staubsauger aus,4.425
1750_speech_false_Ofen_an,Schraube aus,7.25
1750_speech_false_Ofen_an,Fernseher aus,9.625
1750_speech_false_Ofen_an,Alarm aus,12.3
1752_speech_true_Fernseher_aus_Alarm_aus,Schraube aus,19.825
1753_speech_true_Radio_aus,Schraube aus,17.65
1754_speech_false_Licht_an_Heizung_an,Spiegel an,1.35
1754_speech_false_Licht_an_Heizung_an,Schraube aus,4.85
1754_speech_false_Licht_an_Heizung_an,Schraube an,21.0
1756_speech_false_Staubsauger_aus_Radio_an,kann an,15.1
1758_speech_false_Heizung_aus_Ofen_aus_Licht_aus,kann aus,3.025
1758_speech_false_Heizung_aus_Ofen_aus_Licht_aus,Staubsauger an,7.35
1758_speech_false_Heizung_aus_Ofen_aus_Licht_aus,Alarm aus,12.725
1759_speech_true_Ofen_an_L�ftung_an,Leitung an,7.05
1761_speech_true_Ofen_an,kann aus,1.95
1761_speech_true_Ofen_an,Schraube aus,6.125
1762_speech_true_Licht_an_Alarm_aus,Radio aus,1.775
1762_speech_true_Licht_an_Alarm_aus,Radio aus,7.5
1762_speech_true_Licht_an_Alarm_aus,Staubsauger aus,10.05
1763_speech_false_Radio_an,Schraube an,0.775
1763_speech_false_Radio_an,Spiegel aus,4.05
1765_speech_true_L�ftung_an,Radio aus,11.3
1770_speech_false_Licht_an_Licht_aus,Alarm aus,0.775
1770_speech_false_Licht_an_Licht_aus,offen an,5.85
1770_speech_false_Licht_an_Licht_aus,Spiegel aus,18.425
1770_speech_false_Licht_an_Licht_aus,Alarm aus,20.775
1771_speech_true_Fernseher_an_Heizung_an,Schraube aus,7.675
1771_speech_true_Fernseher_an_Heizung_an,warm aus,9.9
1772_speech_false_Radio_aus_Fernseher_an,Fernseher aus,8.25
1772_speech_false_Radio_aus_Fernseher_an,Fernseher aus,12.025
1773_speech_true_L�ftung_aus_Heizung_aus,Alarm aus,3.1
1773_speech_true_L�ftung_aus_Heizung_aus,Spiegel aus,8.725
1775_speech_true_Fernseher_aus_Licht_aus,Radio aus,9.975
1775_speech_true_Fernseher_aus_Licht_aus,Alarm aus,12.725
1778_speech_true_Alarm_an,Schraube aus,7.425
1780_speech_true_Heizung_aus,Radio aus,9.075
1781_speech_true_L�ftung_an,Radio aus,8.125
1781_speech_true_L�ftung_an,kann an,10.65
1784_speech_true_Alarm_aus_Licht_an,kann aus,0.675
1784_speech_true_Alarm_aus_Licht_an,offen an,4.425
1784_speech_true_Alarm_aus_Licht_an,Haus aus,10.325
1786_speech_true_Licht_an_Heizung_aus,Spiegel aus,3.425
1786_speech_true_Licht_an_Heizung_aus,Spiegel aus,11.45
1788_speech_false_L�ftung_aus_Licht_an,Staubsauger aus,3.95
1789_speech_false_Fernseher_aus,Radio an,9.825
1789_speech_false_Fernseher_aus,kann an,12.05
1791_speech_false_Staubsauger_an,Alarm aus,3.05
1791_speech_false_Staubsauger_an,Alarm aus,5.925
1791_speech_false_Staubsauger_an,Staubsauger aus,8.625
1791_speech_false_Staubsauger_an,Schraube aus,12.6
1798_speech_true_Alarm_an,Spiegel aus,15.975
1798_speech_true_Alarm_an,Schraube aus,19.025
180_speech_true_Alarm_an_Staubsauger_an_Radio_an,Schraube aus,3.475
1810_speech_true_Staubsauger_an_Staubsauger_aus,Fernseher aus,5.025
1811_speech_false_Alarm_aus_Licht_an,Alarm aus,10.925
1811_speech_false_Alarm_aus_Licht_an,Alarm aus,16.5
1813_speech_true_Ofen_aus,kann an,12.45
1813_speech_true_Ofen_aus,Alarm aus,14.675
1814_speech_true_Radio_an,Spiegel aus,1.5
1816_speech_true_L�ftung_an,Fernseher aus,5.725
1816_speech_true_L�ftung_an,Schraube aus,7.975
1816_speech_true_L�ftung_an,kann an,10.7
1817_speech_true_Heizung_aus,kann an,1.575
1817_speech_true_Heizung_aus,Schraube aus,5.775
1817_speech_true_Heizung_aus,Fernseher aus,8.9
1818_speech_true_Fernseher_an_Fernseher_aus,Spiegel aus,6.05
1818_speech_true_Fernseher_an_Fernseher_aus,Spiegel an,10.125
1818_speech_true_Fernseher_an_Fernseher_aus,Fernseher aus,12.6
1819_speech_true_Licht_an_Licht_aus,Alarm aus,5.4
1819_speech_true_Licht_an_Licht_aus,Spiegel aus,12.55
1820_speech_false_Alarm_an_Licht_aus,Alarm aus,8.65
1821_speech_false_Licht_aus_Fernseher_an,Spiegel aus,9.025
1823_speech_false_Alarm_an_Licht_aus,Schraube aus,4.65
1824_speech_true_L�ftung_an_Heizung_aus,wunderbar aus,6.975
1824_speech_true_L�ftung_an_Heizung_aus,Spiegel aus,10.0
1826_speech_false_Ofen_an,Fernseher aus,4.925
1828_speech_false_Staubsauger_an,Schraube aus,19.325
184_speech_true_Licht_an_Licht_aus,Alarm aus,18.1
1859_speech_true_Staubsauger_an an an,2.2
1859_speech_true_Staubsauger_an,Spiegel aus,9.3
1860_speech_true_Licht_an,Spiegel an,8.375
1861_speech_false_L�ftung_aus,kann aus,3.975
1863_speech_true_Heizung_aus,Spiegel an,13.4
1865_speech_false_Ofen_an,Spiegel an,1.575
1865_speech_false_Ofen_an,Spiegel aus,14.575
1869_speech_true_Staubsauger_an,Alarm aus,1.125
1869_speech_true_Staubsauger_an an an,5.95
1869_speech_true_Staubsauger_an,kann aus,9.4
1869_speech_true_Staubsauger_an,Spiegel aus,12.5
1873_speech_false_Licht_aus,Alarm aus,16.15
1876_speech_true_Radio_an_Radio_aus,Schraube aus,2.875
1876_speech_true_Radio_an_Radio_aus,Alarm aus,15.175
1877_speech_true_Licht_an_Staubsauger_an,Alarm aus,11.225
1879_speech_true_Alarm_aus,Schraube aus,0.8
1879_speech_true_Alarm_aus,Schraube aus,6.35
1881_speech_true_Licht_an,Fernseher aus,4.9
1881_speech_true_Licht_an,Fernseher aus,8.25
1882_speech_false_Fernseher_aus,Alarm aus,2.45
1883_speech_true_L�ftung_an,Staubsauger aus,3.675
1883_speech_true_L�ftung_an,Spiegel aus,9.875
1900_speech_false_Licht_an,Schraube aus,10.2
1900_speech_false_Licht_an,Spiegel aus,12.425
1901_speech_true_L�ftung_aus,Radio aus,9.275
1901_speech_true_L�ftung_aus,Radio aus,16.025
1907_speech_false_Staubsauger_an,Schraube aus,7.25
1907_speech_false_Staubsauger_an,Staubsauger an,16.175
1909_speech_false_Alarm_aus,Spiegel an,10.275
1930_speech_false_Fernseher_an,Schraube aus,3.425
1930_speech_false_Fernseher_an,Radio aus,8.55
1933_speech_true_Heizung_an,Schraube aus,6.25
1936_speech_false_Licht_an,Fernseher aus,1.7
1936_speech_false_Licht_an,Fernseher aus,4.5
1936_speech_false_Licht_an,Leitung an,8.625
1939_speech_false_Fernseher_aus,Schraube aus,3.075
1940_speech_false_Ofen_an,Alarm aus,13.225
1942_speech_false_Radio_aus_Alarm_aus,Alarm aus,10.7
1942_speech_false_Radio_aus_Alarm_aus,Alarm aus,13.35
1943_speech_true_Staubsauger_aus_Fernseher_an,Staubsauger aus,6.925
1943_speech_true_Staubsauger_aus_Fernseher_an,Staubsauger aus,12.8
1943_speech_true_Staubsauger_aus_Fernseher_an,Staubsauger aus,16.075
1945_speech_true_Fernseher_aus,Ofen aus,1.0
1945_speech_true_Fernseher_aus,Radio aus,6.05
1947_speech_false_Heizung_an,offen an,1.95
1947_speech_false_Heizung_an,Alarm aus,7.775
1951_speech_true_Heizung_aus,Spiegel aus,0.5
1952_speech_true_Licht_aus,Schraube aus,2.85
195_speech_true_Alarm_aus,Staubsauger aus,5.075
195_speech_true_Alarm_aus,Alarm aus,14.225
1963_speech_false_Alarm_an,Alarm aus,0.85
1966_speech_true_Ofen_aus,Spiegel aus,6.025
1966_speech_true_Ofen_aus,Fernseher aus,8.275
1966_speech_true_Ofen_aus,Fernseher aus,10.6
1967_speech_false_Fernseher_an,wunderbar aus,14.025
1969_speech_false_Staubsauger_aus_Radio_an,Alarm aus,10.275
1970_speech_true_Alarm_aus_L�ftung_an,Radio aus,6.375
1970_speech_true_Alarm_aus_L�ftung_an,Fernseher aus,9.575
1971_speech_true_Ofen_aus,Radio aus,7.475
1971_speech_true_Ofen_aus,Alarm aus,10.0
1972_speech_true_Heizung_aus,Radio aus,4.125
1972_speech_true_Heizung_aus,Alarm aus,7.025
1974_speech_true_Licht_an,Fernseher aus,3.15
1974_speech_true_Licht_an,kann an,8.025
1975_speech_true_Heizung_an_Licht_aus_Staubsauger_an,Schraube aus,2.45
1982_speech_true_Fernseher_an_Licht_aus,Radio aus,4.7
1982_speech_true_Fernseher_an_Licht_aus,Fernseher aus,9.025
1986_speech_true_L�ftung_an,Fernseher aus,1.025
1986_speech_true_L�ftung_an,Schraube aus,7.95
1987_speech_true_Radio_an,kann an,8.6
1987_speech_true_Radio_an,Alarm aus,15.075
1988_speech_false_Alarm_aus_Staubsauger_an,Radio aus,4.325
1991_speech_true_Radio_aus_Licht_an,Fernseher an,7.75
1992_speech_false_Staubsauger_an_Alarm_aus,Spiegel aus,4.5
1994_speech_true_Radio_aus_Licht_an,Spiegel aus,10.9
1996_speech_false_Heizung_aus,Ofen an,7.525
1997_speech_true_Radio_aus_Licht_an,Spiegel aus,14.775
1997_speech_true_Radio_aus_Licht_an,Spiegel an,22.625
2002_speech_false_Licht_an,kann an,7.175
2002_speech_false_Licht_an,kann an,12.5
2004_speech_false_Fernseher_aus_Heizung_aus,Staubsauger aus,4.8
2004_speech_false_Fernseher_aus_Heizung_aus,Radio aus,11.15
2004_speech_false_Fernseher_aus_Heizung_aus,Alarm aus,17.425
2005_speech_true_L�ftung_an_Licht_an,kann an,15.075
2009_speech_false_Ofen_aus_Staubsauger_aus,Radio aus,11.45
200_speech_false_Licht_aus_Alarm_an,Alarm aus,7.775
2010_speech_true_Alarm_an_Staubsauger_an,kann an,1.35
2010_speech_true_Alarm_an_Staubsauger_an,Schraube aus,3.675
2012_speech_false_Radio_aus,kann aus,1.625
2012_speech_false_Radio_aus,Alarm aus,9.1
2012_speech_false_Radio_aus,kann an,12.575
2015_speech_true_Ofen_aus_Alarm_an,Schraube aus,13.7
2020_speech_true_L�ftung_an,kann an,14.25
202_speech_true_Ofen_aus_Staubsauger_an,Spiegel aus,7.075
204_speech_false_L�ftung_an,kann aus,1.725
204_speech_false_L�ftung_an,Schraube an,4.625
206_speech_true_Licht_an_Heizung_an,Spiegel aus,7.4
216_speech_true_Fernseher_an_Licht_aus,offen an,3.3
218_speech_false_Fernseher_an,Schraube aus,2.775
220_speech_false_Heizung_aus_Licht_aus,Spiegel aus,8.2
220_speech_false_Heizung_aus_Licht_aus,Radio aus,11.125
221_speech_true_Heizung_aus_L�ftung_an,Alarm aus,1.175
222_speech_true_Fernseher_aus,Alarm aus,0.8
222_speech_true_Fernseher_aus,Staubsauger aus,6.925
223_speech_false_Ofen_an,Alarm aus,8.1
226_speech_true_Alarm_an_Radio_aus,kann an,8.25
22_speech_false_Heizung_an,Fernseher aus,6.975
230_speech_false_Licht_aus_Heizung_aus,warm aus,13.025
230_speech_false_Licht_aus_Heizung_aus,Schraube aus,15.525
231_speech_true_Fernseher_an_L�ftung_an,Schraube aus,6.45
231_speech_true_Fernseher_an_L�ftung_an,Fernseher aus,15.0
232_speech_true_Heizung_aus,Fernseher aus,5.125
232_speech_true_Heizung_aus,Fernseher aus,7.35
236_speech_false_Ofen_an,Spiegel an,2.725
238_speech_false_Heizung_an,Spiegel aus,1.4
238_speech_false_Heizung_an an an,3.8
240_speech_true_Licht_an_Radio_aus_Staubsauger_aus,Schraube aus,8.425
240_speech_true_Licht_an_Radio_aus_Staubsauger_aus,Fernseher aus,10.95
24_speech_true_Licht_an,Fernseher aus,2.225
24_speech_true_Licht_an,Spiegel an,11.225
279_speech_false_Alarm_aus,Staubsauger aus,1.475
27_speech_false_Fernseher_an_Licht_aus,Fernseher aus,2.525
27_speech_false_Fernseher_an_Licht_aus,Radio aus,5.375
27_speech_false_Fernseher_an_Licht_aus,Spiegel aus,8.225
286_speech_false_L�ftung_an,Spiegel aus,4.625
293_speech_false_Fernseher_an,Fernseher aus,9.325
296_speech_true_Licht_an_Heizung_aus,Schraube aus,9.325
298_speech_true_Alarm_aus,Schraube aus,8.475
29_speech_false_L�ftung_an,Alarm aus,13.075
301_speech_true_Staubsauger_aus_Radio_an,Radio aus,16.85
303_speech_false_Ofen_aus,Alarm an,6.5
303_speech_false_Ofen_aus,Fernseher aus,9.325
306_speech_false_Staubsauger_an_Alarm_an,kann an,2.0
306_speech_false_Staubsauger_an_Alarm_an,Spiegel an,7.625
306_speech_false_Staubsauger_an_Alarm_an,Alarm an,20.6
306_speech_false_Staubsauger_an_Alarm_an,Alarm aus,25.5
308_speech_true_Heizung_an,Alarm aus,1.375
30_speech_false_Heizung_aus_Licht_an,Spiegel aus,6.8
30_speech_false_Heizung_aus_Licht_an,kann an,16.725
30_speech_false_Heizung_aus_Licht_an an aus,21.15
310_speech_true_Radio_an,kann aus,4.725
310_speech_true_Radio_an an an,8.9
318_speech_false_Ofen_aus,Schraube aus,5.8
321_speech_true_Ofen_an,kann an,6.75
322_speech_true_Licht_aus_Alarm_an,Spiegel an,4.075
32_speech_true_Ofen_an_Alarm_aus,kann aus,0.575
32_speech_true_Ofen_an_Alarm_aus,Fernseher aus,3.6
32_speech_true_Ofen_an_Alarm_aus,kann an,6.025
32_speech_true_Ofen_an_Alarm_aus,Alarm an,11.575
32_speech_true_Ofen_an_Alarm_aus,kann an,22.625
335_speech_true_Radio_aus,Fernseher aus,13.925
339_speech_false_Heizung_an,Schraube aus,8.0
33_speech_false_Staubsauger_an,Radio aus,1.475
33_speech_false_Staubsauger_an,Schraube aus,6.3
347_speech_false_Radio_aus_Alarm_an,Schraube an,11.825
348_speech_false_Alarm_aus,Spiegel aus,4.45
348_speech_false_Alarm_aus,Heizung aus,6.675
34_speech_false_Radio_aus_Radio_an,Spiegel aus,6.7
34_speech_false_Radio_aus_Radio_an,kann aus,25.575
350_speech_false_Ofen_an,Schraube aus,2.875
350_speech_false_Ofen_an,Schraube aus,7.425
35_speech_false_Ofen_aus,Haus aus,0.775
35_speech_false_Ofen_aus,Fernseher aus,4.2
35_speech_false_Ofen_aus,Leitung aus,6.525
35_speech_false_Ofen_aus,Staubsauger an,9.45
35_speech_false_Ofen_aus,Schraube aus,13.55
36_speech_false_Radio_an,Schraube aus,11.225
372_speech_true_Alarm_an,Spiegel aus,2.225
372_speech_true_Alarm_an,Fernseher aus,12.025
37_speech_true_Radio_aus_Alarm_an,kann an,1.225
37_speech_true_Radio_aus_Alarm_an,Alarm aus,6.05
37_speech_true_Radio_aus_Alarm_an,Staubsauger aus,14.25
37_speech_true_Radio_aus_Alarm_an,kann an,16.75
385_speech_true_Licht_an,kann an,11.85
386_speech_true_L�ftung_aus,Spiegel aus,2.175
386_speech_true_L�ftung_aus,offen aus,6.45
386_speech_true_L�ftung_aus,Radio aus,14.325
388_speech_true_Ofen_an,Schraube aus,1.2
389_speech_true_Alarm_aus,Radio aus,11.9
390_speech_true_Radio_an,Schraube aus,8.2
391_speech_true_Staubsauger_aus,Spiegel aus,4.325
391_speech_true_Staubsauger_aus,Spiegel aus,11.5
394_speech_false_Licht_an,Spiegel an,2.075
396_speech_true_Heizung_aus,kann an,1.5
396_speech_true_Heizung_aus,Fernseher aus,7.575
398_speech_false_Ofen_an_Heizung_aus,Alarm aus,6.7
398_speech_false_Ofen_an_Heizung_aus,Alarm aus,10.7
39_speech_false_Alarm_aus,kann aus,10.525
39_speech_false_Alarm_aus,Alarm aus,12.975
3_speech_true_Radio_an,Alarm aus,7.55
3_speech_true_Radio_an,Radio aus,14.675
3_speech_true_Radio_an,Alarm aus,21.575
401_speech_true_Staubsauger_an,Schraube aus,6.925
403_speech_false_Fernseher_aus,Fernseher aus,7.325
404_speech_true_L�ftung_aus,Fernseher aus,1.425
404_speech_true_L�ftung_aus,Radio an,4.65
404_speech_true_L�ftung_aus,kann aus,11.875
405_speech_false_L�ftung_an,wunderbar an,10.8
40_speech_false_Staubsauger_aus_Heizung_an,kann an,12.3
40_speech_false_Staubsauger_aus_Heizung_an,wunderbar aus,19.4
410_speech_false_Radio_aus_Alarm_aus,Schraube aus,8.95
410_speech_false_Radio_aus_Alarm_aus,Ofen aus,14.95
410_speech_false_Radio_aus_Alarm_aus,Fernseher aus,18.625
411_speech_true_Licht_an_Staubsauger_an,Spiegel aus,1.6
418_speech_true_Alarm_aus_L�ftung_an,offen an,10.5
419_speech_false_Radio_an_Heizung_aus,kann an,1.975
419_speech_false_Radio_an_Heizung_aus,Schraube aus,11.425
419_speech_false_Radio_an_Heizung_aus,Spiegel aus,19.525
420_speech_true_Staubsauger_aus_Licht_an,Schraube aus,18.15
422_speech_false_Licht_aus_Heizung_an,offen an,3.1
427_speech_true_Alarm_aus,Alarm aus,11.075
429_speech_true_Heizung_an,Alarm aus,6.85
42_speech_true_Ofen_aus,kann aus,5.275
42_speech_true_Ofen_aus an aus,7.525
430_speech_true_L�ftung_an,Spiegel an,1.075
433_speech_false_Fernseher_an,Fernseher aus,1.125
433_speech_false_Fernseher_an,wunderbar an,9.45
435_speech_false_Licht_aus,Spiegel aus,12.325
438_speech_false_Ofen_aus,Spiegel an,8.575
441_speech_true_Staubsauger_an,Alarm aus,0.625
441_speech_true_Staubsauger_an,Fernseher aus,4.275
445_speech_true_Ofen_aus,Alarm aus,9.625
447_speech_true_Alarm_an_Licht_aus,Schraube aus,9.15
45_speech_false_Ofen_an,Alarm aus,3.2
45_speech_false_Ofen_an,Alarm an,6.95
45_speech_false_Ofen_an,Spiegel an,9.3
460_speech_false_L�ftung_an_Alarm_aus,Fernseher aus,4.95
460_speech_false_L�ftung_an_Alarm_aus,Alarm aus,9.3
461_speech_true_Heizung_an_Staubsauger_aus,Spiegel aus,2.775
461_speech_true_Heizung_an_Staubsauger_aus,Radio an,10.35
463_speech_false_Licht_an_Heizung_aus,Spiegel aus,1.3
463_speech_false_Licht_an_Heizung_aus,Alarm aus,3.85
466_speech_false_Licht_aus_Ofen_an,Spiegel aus,6.225
476_speech_true_Fernseher_aus_Licht_aus,Alarm aus,13.425
479_speech_true_Licht_an,Schraube an,5.45
47_speech_false_Radio_aus_Licht_aus,kann aus,11.675
48_speech_true_Staubsauger_an_Alarm_an,Alarm aus,11.225
498_speech_true_Heizung_aus_L�ftung_an,Alarm an,9.2
49_speech_true_Heizung_aus,Schraube aus,0.45
49_speech_true_Heizung_aus,kann aus,10.225
500_speech_true_Fernseher_an_Licht_aus,Alarm an,14.075
503_speech_true_Alarm_aus_Licht_an,Schraube aus,10.825
50_speech_true_Fernseher_an,Spiegel an,0.425
50_speech_true_Fernseher_an,Fernseher an,8.35
513_speech_false_Staubsauger_aus,Spiegel aus,10.725
515_speech_false_Alarm_aus_Radio_aus,Schraube aus,7.025
519_speech_true_Fernseher_an,Fernseher aus,8.0
519_speech_true_Fernseher_an,warm an,10.325
521_speech_false_Licht_an an an,8.625
533_speech_true_Ofen_an_Radio_an,Schraube aus,1.7
533_speech_true_Ofen_an_Radio_an,warm an,4.6
533_speech_true_Ofen_an_Radio_an,Alarm aus,12.475
533_speech_true_Ofen_an_Radio_an,Schraube aus,14.7
538_speech_false_Fernseher_an,Alarm aus,1.1
538_speech_false_Fernseher_an,Spiegel aus,4.15
542_speech_false_L�ftung_an_Heizung_aus,Spiegel an,2.75
543_speech_false_Fernseher_an,Schraube aus,1.7
543_speech_false_Fernseher_an an an,5.325
572_speech_true_Heizung_an_Licht_an,Alarm aus,23.8
586_speech_true_Radio_aus_Licht_an,Alarm aus,8.225
590_speech_false_Fernseher_an_Heizung_aus,Alarm aus,5.0
590_speech_false_Fernseher_an_Heizung_aus,Alarm aus,13.925
590_speech_false_Fernseher_an_Heizung_aus,Schraube aus,17.4
591_speech_true_Licht_an_L�ftung_aus,Schraube aus,14.0
594_speech_false_Licht_an_L�ftung_an,Schraube aus,7.525
598_speech_true_Alarm_an_Heizung_aus,Alarm aus,1.5
598_speech_true_Alarm_an_Heizung_aus,Fernseher aus,4.05
598_speech_true_Alarm_an_Heizung_aus,Fernseher aus,12.425
599_speech_true_Ofen_an,Fernseher aus,1.375
599_speech_true_Ofen_an,Spiegel aus,3.975
599_speech_true_Ofen_an,Fernseher aus,10.45
600_speech_false_Heizung_an,Fernseher aus,9.25
603_speech_false_Heizung_aus,Haus aus,7.675
603_speech_false_Heizung_aus,Schraube aus,17.775
606_speech_false_L�ftung_an,kann an,10.525
606_speech_false_L�ftung_an,kann an,18.375
625_speech_false_Fernseher_an,warm an,1.725
627_speech_false_L�ftung_aus,Alarm aus,6.35
627_speech_false_L�ftung_aus,Spiegel aus,10.875
634_speech_true_Heizung_aus,Schraube aus,0.5
634_speech_true_Heizung_aus,Spiegel aus,4.35
634_speech_true_Heizung_aus,kann aus,11.475
634_speech_true_Heizung_aus,offen aus,14.05
635_speech_true_Licht_an,kann an,12.225
635_speech_true_Licht_an,Schraube aus,23.875
636_speech_true_Licht_an_L�ftung_aus,Spiegel an,0.75
636_speech_true_Licht_an_L�ftung_aus,Alarm aus,13.125
636_speech_true_Licht_an_L�ftung_aus,Spiegel aus,23.875
636_speech_true_Licht_an_L�ftung_aus,Spiegel aus,30.65
638_speech_true_Heizung_an,Schraube aus,1.725
638_speech_true_Heizung_an,Spiegel aus,6.95
638_speech_true_Heizung_an,Alarm aus,14.9
638_speech_true_Heizung_an,Spiegel aus,25.425
65_speech_false_Fernseher_aus,Schraube aus,3.45
676_speech_true_Heizung_aus,kann aus,4.025
677_speech_true_Staubsauger_an,Staubsauger an,6.025
679_speech_true_Radio_aus,Fernseher an,1.65
679_speech_true_Radio_aus,wunderbar an,4.775
681_speech_true_Alarm_aus_Radio_an,warm an,8.8
682_speech_true_Heizung_an,Radio an,9.05
68_speech_true_Heizung_an,kann an,6.25
68_speech_true_Heizung_an,Schraube aus,14.6
68_speech_true_Heizung_an,Radio aus,16.825
705_speech_false_L�ftung_aus,kann an,0.675
705_speech_false_L�ftung_aus,kann aus,3.55
705_speech_false_L�ftung_aus,Schraube aus,6.825
705_speech_false_L�ftung_aus an an,12.1
706_speech_true_Heizung_an,Spiegel aus,3.125
706_speech_true_Heizung_an,L�ftung aus,6.225
706_speech_true_Heizung_an,warm an,8.45
707_speech_false_Licht_aus,wunderbar an,5.75
708_speech_false_Heizung_an,Radio aus,5.275
708_speech_false_Heizung_an,kann an,7.75
710_speech_false_Heizung_aus_Licht_aus,Fernseher aus,6.775
713_speech_false_Ofen_an,Schraube aus,5.625
715_speech_false_Alarm_an_Radio_aus,Fernseher aus,2.4
715_speech_false_Alarm_an_Radio_aus,kann an,6.15
717_speech_true_L�ftung_aus,Fernseher aus,3.975
717_speech_true_L�ftung_aus,Alarm aus,6.275
723_speech_true_Ofen_aus,Spiegel aus,1.1
723_speech_true_Ofen_aus,Alarm an,3.325
723_speech_true_Ofen_aus,Radio aus,7.8
725_speech_false_Alarm_aus,Radio aus,5.0
72_speech_true_Ofen_an,Radio aus,5.225
72_speech_true_Ofen_an,Staubsauger an,7.775
72_speech_true_Ofen_an,offen an,12.025
72_speech_true_Ofen_an,Radio aus,16.425
731_speech_false_Radio_aus,Spiegel aus,13.525
732_speech_true_Alarm_an,Fernseher an,9.6
736_speech_false_Licht_aus,Spiegel aus,13.875
737_speech_true_Fernseher_an an an,9.35
739_speech_false_Radio_aus_Licht_aus,Schraube aus,12.15
743_speech_false_Ofen_an_L�ftung_an,kann an,3.75
743_speech_false_Ofen_an_L�ftung_an an an,9.4
745_speech_false_Alarm_an_Radio_an,Alarm aus,0.975
745_speech_false_Alarm_an_Radio_an,offen an,12.65
747_speech_false_Licht_aus_Heizung_an,Spiegel an,9.05
747_speech_false_Licht_aus_Heizung_an,Spiegel aus,12.5
747_speech_false_Licht_aus_Heizung_an,Alarm aus,16.3
749_speech_true_Alarm_an,warm aus,1.075
74_speech_true_Staubsauger_aus_Ofen_aus,Alarm aus,0.725
74_speech_true_Staubsauger_aus_Ofen_aus,Fernseher aus,10.65
74_speech_true_Staubsauger_aus_Ofen_aus,Spiegel aus,20.7
751_speech_false_Ofen_aus,Fernseher an,3.625
754_speech_false_Licht_aus,Alarm aus,12.525
756_speech_false_Radio_aus_Ofen_an,Radio aus,0.325
756_speech_false_Radio_aus_Ofen_an,Spiegel an,5.375
759_speech_true_Alarm_aus_Radio_an,Spiegel aus,3.275
759_speech_true_Alarm_aus_Radio_an,Spiegel an,16.125
761_speech_true_Fernseher_an_Licht_aus,Spiegel aus,9.575
766_speech_true_Licht_an,kann an,21.8
812_speech_true_Fernseher_an,Alarm aus,5.3
812_speech_true_Fernseher_an,kann an,8.8
812_speech_true_Fernseher_an,Fernseher aus,16.575
813_speech_true_Licht_aus,Spiegel aus,6.05
813_speech_true_Licht_aus,Spiegel aus,12.65
813_speech_true_Licht_aus,Spiegel an,16.425
813_speech_true_Licht_aus,offen aus,19.5
814_speech_true_L�ftung_an,Staubsauger aus,0.65
814_speech_true_L�ftung_an,kann an,4.1
814_speech_true_L�ftung_an,Spiegel aus,7.4
814_speech_true_L�ftung_an,Schraube an,12.8
814_speech_true_L�ftung_an,kann an,20.375
817_speech_false_Fernseher_an_Heizung_aus,kann an,4.575
817_speech_false_Fernseher_an_Heizung_aus,Radio aus,8.125
818_speech_true_L�ftung_an,Spiegel an,10.7
819_speech_true_Licht_aus_Heizung_an,Radio aus,5.275
819_speech_true_Licht_aus_Heizung_an,Schraube aus,8.075
827_speech_true_Ofen_aus,Schraube aus,9.05
827_speech_true_Ofen_aus,Radio aus,13.375
829_speech_true_Staubsauger_an,Schraube aus,7.9
832_speech_false_Licht_an,Schraube aus,10.575
833_speech_true_Fernseher_aus,Spiegel aus,10.6
833_speech_true_Fernseher_aus an aus,12.9
834_speech_true_Heizung_aus,Spiegel aus,9.35
85_speech_false_Fernseher_an,kann an,4.425
869_speech_true_Staubsauger_an,Schraube an,2.9
870_speech_true_Heizung_an,Radio aus,6.825
873_speech_true_L�ftung_aus,Fernseher aus,3.4
874_speech_false_Fernseher_aus,kann aus,0.8
874_speech_false_Fernseher_aus,Schraube aus,3.775
875_speech_false_Ofen_aus,Staubsauger aus,0.9
878_speech_true_Staubsauger_an_Alarm_an,Alarm aus,1.15
878_speech_true_Staubsauger_an_Alarm_an,Fernseher aus,8.0
878_speech_true_Staubsauger_an_Alarm_an,Spiegel an,10.3
881_speech_true_Radio_an_Fernseher_aus,Spiegel aus,2.55
881_speech_true_Radio_an_Fernseher_aus,Fernseher aus,13.375
882_speech_true_Licht_an,Alarm aus,9.625
883_speech_false_Heizung_an_Radio_an,Alarm aus,0.65
88_speech_true_L�ftung_an,kann aus,1.675
89_speech_true_Heizung_aus,Spiegel aus,0.9
89_speech_true_Heizung_aus,Radio aus,9.05
908_speech_false_L�ftung_an,Spiegel aus,4.775
90_speech_true_Staubsauger_aus,Schraube aus,4.8
912_speech_false_Licht_aus,kann aus,5.175
93_speech_false_Alarm_aus,Schraube aus,0.3
945_speech_false_Alarm_an,kann an,5.775
947_speech_false_Radio_aus_Ofen_aus,Schraube aus,10.675
949_speech_true_L�ftung_aus,Schraube an,3.275
949_speech_true_L�ftung_aus,Spiegel an,9.1
949_speech_true_L�ftung_aus,Staubsauger aus,15.2
950_speech_false_Licht_an,kann an,3.95
952_speech_false_Ofen_aus_Staubsauger_aus,Radio aus,4.4
967_speech_true_Licht_an_Radio_an,Alarm aus,1.675
967_speech_true_Licht_an_Radio_an,wunderbar aus,4.55
967_speech_true_Licht_an_Radio_an,kann aus,7.175
967_speech_true_Licht_an_Radio_an,kann an,9.4
96_speech_false_Licht_an_Heizung_an,Schraube an,11.625
96_speech_false_Licht_an_Heizung_an,Schraube aus,13.85
96_speech_false_Licht_an_Heizung_an,Schraube an,17.925
970_speech_true_Fernseher_an,Spiegel an,3.5
970_speech_true_Fernseher_an,Alarm aus,6.075
973_speech_true_L�ftung_an,Schraube aus,9.7
974_speech_true_Alarm_aus,Fernseher an,1.7
974_speech_true_Alarm_aus,Staubsauger aus,4.325
974_speech_true_Alarm_aus,Spiegel aus,8.525
976_speech_true_Radio_aus,Staubsauger aus,8.375
97_speech_false_L�ftung_aus_Fernseher_an,Radio aus,3.025
97_speech_false_L�ftung_aus_Fernseher_an,Spiegel an,5.275
97_speech_false_L�ftung_aus_Fernseher_an,Schraube an,11.75
980_speech_false_Ofen_aus,Schraube an,2.9
980_speech_false_Ofen_aus,Staubsauger aus,5.175
980_speech_false_Ofen_aus,kann an,8.2
980_speech_false_Ofen_aus,Schraube aus,13.025
982_speech_false_Radio_an_Licht_an,Alarm aus,3.275
982_speech_false_Radio_an_Licht_an,Spiegel an,9.425
983_speech_true_Staubsauger_aus_Heizung_aus,Schraube aus,2.35
983_speech_true_Staubsauger_aus_Heizung_aus,Schraube an,6.925
983_speech_true_Staubsauger_aus_Heizung_aus,Schraube aus,9.575
983_speech_true_Staubsauger_aus_Heizung_aus,offen aus,16.375
984_speech_true_Alarm_an,Schraube aus,9.6
984_speech_true_Alarm_an,warm aus,13.175
984_speech_true_Alarm_an,Schraube aus,15.675
985_speech_false_Fernseher_aus,Spiegel aus,1.575
985_speech_false_Fernseher_aus,Schraube aus,6.25
987_speech_false_Heizung_an_Licht_an,wunderbar an,9.225
989_speech_true_L�ftung_an,Schraube aus,8.2
989_speech_true_L�ftung_an,Spiegel aus,13.6
989_speech_true_L�ftung_an,warm an,15.875
989_speech_true_L�ftung_an,Schraube aus,19.35
98_speech_true_Alarm_aus_L�ftung_aus_Heizung_aus,kann aus,4.575
98_speech_true_Alarm_aus_L�ftung_aus_Heizung_aus,Spiegel aus,7.65
98_speech_true_Alarm_aus_L�ftung_aus_Heizung_aus,Spiegel aus,9.9
98_speech_true_Alarm_aus_L�ftung_aus_Heizung_aus,Alarm aus,12.35
98_speech_true_Alarm_aus_L�ftung_aus_Heizung_aus,Radio aus,14.85
98_speech_true_Alarm_aus_L�ftung_aus_Heizung_aus,Radio aus,17.375
990_speech_false_Alarm_an,Spiegel aus,2.475
990_speech_false_Alarm_an,Alarm aus,10.925
992_speech_true_Radio_an,Schraube aus,7.8
993_speech_false_Ofen_aus_Staubsauger_aus,Alarm aus,8.2
996_speech_false_Heizung_an_Licht_aus,Alarm aus,7.65
997_speech_false_Ofen_aus,Alarm aus,6.0
999_speech_false_L�ftung_an,Staubsauger aus,2.85
99_speech_false_Heizung_an_Staubsauger_an_L�ftung_aus,Fernseher aus,5.475
99_speech_false_Heizung_an_Staubsauger_an_L�ftung_aus,Alarm aus,23.0